algo, mean_error, std_error, mean_time, std_time
basic-0.000000-0, 0.000000, 0.000000, 0.124729, 0.069705
basic-0.050000-0, 0.034158, 0.011005, 0.074357, 0.053830
