25, Desicion Tree, letter, 0.844920, 0.091702
50, Desicion Tree, letter, 0.800797, 0.062761
100, Desicion Tree, letter, 0.777182, 0.064674
200, Desicion Tree, letter, 0.711449, 0.073442
